tip;id;sorsz;szkod
'J';3802;1;1016
'J';3802;2;1024
'J';3805;1;1016
'J';3805;2;1024
'J';3806;1;1016
'J';3806;2;1024
'J';3807;1;1064
'J';3808;1;1016
'J';3808;2;1024
'J';3809;1;1016
'J';3809;2;1024
'J';3810;1;1016
'J';3810;2;1024
'J';3811;1;1016
'J';3811;2;1024
'J';3812;1;1016
'J';3812;2;1024
'J';3813;1;1016
'J';3813;2;1024
'J';3814;1;1016
'J';3814;2;1024
'J';3815;1;1009
'J';3815;2;1075
'J';3816;1;1016
'J';3816;2;1024
'J';3817;1;1016
'J';3817;2;1024
'J';3818;1;1016
'J';3818;2;1024
'J';3819;1;1016
'J';3819;2;1024
'J';3820;1;1064
'J';3821;1;1016
'J';3821;2;1024
'J';3822;1;1016
'J';3822;2;1024
'J';3823;1;1016
'J';3823;2;1024
'J';3825;1;1016
'J';3825;2;1024
'J';3826;1;1016
'J';3826;2;1024
'J';3827;1;1016
'J';3827;2;1024
'J';3828;1;1016
'J';3828;2;1024
'J';3829;1;1016
'J';3829;2;1024
'J';3830;1;1016
'J';3830;2;1024
'J';3831;1;1016
'J';3831;2;1024
'J';3832;1;1016
'J';3832;2;1024
'J';3833;1;1016
'J';3833;2;1024
'J';3834;1;1016
'J';3834;2;1024
'J';3835;1;1016
'J';3835;2;1024
'J';3836;1;1016
'J';3836;2;1024
'J';3837;1;1064
'J';3838;1;1016
'J';3838;2;1024
'J';3839;1;1016
'J';3839;2;1024
'J';3840;1;1016
'J';3840;2;1024
'J';3841;1;1016
'J';3841;2;1024
'J';3842;1;1016
'J';3842;2;1024
'J';3843;1;1016
'J';3843;2;1024
'J';3844;1;1016
'J';3844;2;1024
'J';3845;1;1016
'J';3845;2;1024
'J';3846;1;1016
'J';3846;2;1024
'J';3847;1;1016
'J';3847;2;1024
'J';3848;1;1064
'J';3849;1;1016
'J';3849;2;1024
'J';3851;1;1016
'J';3851;2;1024
'J';3852;1;1016
'J';3852;2;1024
'J';3853;1;1016
'J';3853;2;1024
'J';3854;1;1016
'J';3854;2;1024
'J';3855;1;1016
'J';3855;2;1024
'J';3856;1;1016
'J';3856;2;1024
'J';3857;1;1016
'J';3857;2;1024
'J';3858;1;1016
'J';3858;2;1024
'J';3860;1;1016
'J';3860;2;1024
'J';3861;1;1009
'J';3861;2;1075
'J';3862;1;1016
'J';3862;2;1024
'J';3863;1;1016
'J';3863;2;1024
'J';3864;1;1016
'J';3864;2;1024
'J';3865;1;1016
'J';3865;2;1024
'J';3866;1;1016
'J';3866;2;1024
'J';3867;1;1016
'J';3867;2;1024
'J';3868;1;1016
'J';3868;2;1024
'J';3869;1;1016
'J';3869;2;1024
'J';3870;1;1016
'J';3870;2;1024
'J';3871;1;1009
'J';3871;2;1075
'J';3872;1;1016
'J';3872;2;1024
'J';3873;1;1016
'J';3873;2;1024
'J';3874;1;1016
'J';3874;2;1024
'J';3875;1;1016
'J';3875;2;1024
'J';3876;1;1016
'J';3876;2;1024
'J';3877;1;1016
'J';3877;2;1024
'J';3878;1;1016
'J';3878;2;1024
'J';3879;1;1016
'J';3879;2;1024
'J';3880;1;1016
'J';3880;2;1024
'J';3881;1;1016
'J';3881;2;1024
'J';3882;1;1016
'J';3882;2;1024
'J';3883;1;1016
'J';3883;2;1024
'J';3884;1;1016
'J';3884;2;1024
'J';3885;1;1016
'J';3885;2;1024
'J';3887;1;1016
'J';3887;2;1024
'J';3888;1;1016
'J';3888;2;1024
'J';3889;1;1016
'J';3889;2;1024
'J';3890;1;1016
'J';3890;2;1024
'J';3891;1;1016
'J';3891;2;1024
'J';3892;1;1016
'J';3892;2;1024
'J';3893;1;1009
'J';3893;2;1075
'J';3894;1;1016
'J';3894;2;1024
'J';3897;1;1016
'J';3897;2;1024
'J';3898;1;1016
'J';3898;2;1024
'J';3899;1;1016
'J';3899;2;1024
'J';3900;1;1016
'J';3900;2;1024
'J';3901;1;1016
'J';3901;2;1024
'J';3902;1;1016
'J';3902;2;1024
'J';3903;1;1016
'J';3903;2;1024
'J';3904;1;1016
'J';3904;2;1024
'J';3905;1;1016
'J';3905;2;1024
'J';3914;1;1016
'J';3914;2;1024
'J';3917;1;1016
'J';3917;2;1024
'J';3918;1;1016
'J';3918;2;1024
'J';3919;1;1016
'J';3919;2;1024
'J';3920;1;1016
'J';3920;2;1024
'J';3921;1;1016
'J';3921;2;1024
'J';3923;1;1016
'J';3923;2;1024
'J';3924;1;1012
'J';3925;1;1016
'J';3925;2;1024
'J';3926;1;1016
'J';3926;2;1024
'J';3927;1;1009
'J';3927;2;1075
'J';3928;1;1009
'J';3928;2;1075
'J';3929;1;1016
'J';3929;2;1024
'J';3930;1;1009
'J';3930;2;1075
'J';3931;1;1009
'J';3931;2;1075
'J';3933;1;1016
'J';3933;2;1024
'J';3934;1;1032
'J';3935;1;1016
'J';3935;2;1024
'J';3936;1;1005
'J';3938;1;1009
'J';3938;2;1075
'J';3939;1;1009
'J';3939;2;1075
'J';3940;1;1009
'J';3940;2;1075
'J';3941;1;1064
'J';3942;1;1050
'J';3943;1;1009
'J';3943;2;1075
'J';3944;1;1016
'J';3944;2;1024
'J';3945;1;1016
'J';3945;2;1024
'J';3946;1;1009
'J';3946;2;1075
'J';3947;1;1009
'J';3947;2;1075
'J';3948;1;1009
'J';3948;2;1075
'J';3949;1;1009
'J';3949;2;1075
'J';3950;1;1064
'J';3951;1;1009
'J';3951;2;1075
'J';3952;1;1009
'J';3952;2;1075
'J';3953;1;1009
'J';3953;2;1075
'J';3954;1;1009
'J';3954;2;1075
'J';3955;1;1009
'J';3955;2;1075
'J';3956;1;1009
'J';3956;2;1075
'J';3957;1;1009
'J';3957;2;1075
'J';3958;1;1016
'J';3958;2;1024
'J';3959;1;1016
'J';3959;2;1024
'J';3960;1;1064
'J';3962;1;1101
'J';3963;1;1009
'J';3963;2;1075
'J';3964;1;1009
'J';3964;2;1075
'J';3965;1;1009
'J';3965;2;1075
'J';3966;1;1009
'J';3966;2;1075
'J';3967;1;1009
'J';3967;2;1075
'J';3968;1;1064
'J';3969;1;1071
'J';3971;1;1009
'J';3971;2;1075
'J';3972;1;1064
'J';3976;1;1047
'J';3977;1;1047
'J';3980;1;1064
'J';3981;1;1009
'J';3981;2;1075
'J';3982;1;1064
'J';3983;1;1033
'J';3986;1;1047
'J';3987;1;1072
'J';3988;1;1064
'J';3989;1;1047
'J';3990;1;1047
'J';3991;1;1047
'J';3992;1;1016
'J';3992;2;1024
'J';3993;1;1026
'J';3994;1;1047
'J';3995;1;1047
'J';3996;1;1047
'J';3997;1;1009
'J';3997;2;1075
'J';3998;1;1009
'J';3998;2;1075
'J';3999;1;1047
'J';4000;1;1064
'J';4001;1;1047
'J';4002;1;1047
'J';4003;1;1050
'J';4004;1;1064
'J';4006;1;1016
'J';4006;2;1024
'J';4007;1;1064
'J';4008;1;1047
'J';4009;1;1070
'J';4010;1;1011
'J';4011;1;1047
'J';4012;1;1027
'J';4013;1;1047
'J';4014;1;1047
'J';4015;1;1009
'J';4015;2;1075
'J';4016;1;1047
'J';4017;1;1064
'J';4018;1;1101
'J';4019;1;1047
'J';4020;1;1009
'J';4020;2;1075
'J';4021;1;1011
'J';4022;1;1064
'J';4023;1;1044
'J';4024;1;1044
'J';4025;1;1009
'J';4025;2;1075
'J';4026;1;1047
'J';4027;1;1044
'J';4028;1;1037
'J';4030;1;1044
'J';4031;1;1055
'J';4032;1;1047
'J';4033;1;1101
'J';4034;1;1022
'J';4035;1;1009
'J';4035;2;1075
'J';4036;1;1047
'J';4037;1;1025
'J';4038;1;1047
'J';4039;1;1095
'J';4040;1;1064
'J';4041;1;1064
'J';4042;1;1009
'J';4042;2;1075
'J';4043;1;1064
'J';4044;1;1064
'J';4045;1;1009
'J';4045;2;1075
'J';4046;1;1096
'J';4047;1;1050
'J';4048;1;1079
'J';4049;1;1047
'J';4050;1;1101
'J';4051;1;1036
'J';4052;1;1009
'J';4052;2;1075
'J';4054;1;1047
'J';4055;1;1044
'J';4056;1;1018
'J';4057;1;1047
'J';4058;1;1055
'J';4059;1;1064
'J';4060;1;1047
'J';4062;1;1047
'J';4063;1;1064
'J';4064;1;1064
'J';4065;1;1005
'J';4066;1;1070
'J';4067;1;1039
'J';4068;1;1076
'J';4069;1;1010
'J';4070;1;1022
'J';4071;1;1047
'J';4072;1;1047
'J';4073;1;1069
'J';4074;1;1096
'J';4075;1;1018
'J';4076;1;1047
'J';4077;1;1040
'J';4078;1;1064
'J';4079;1;1005
'J';4081;1;1066
'J';4082;1;1025
'J';4084;1;1047
'J';4086;1;1036
'J';4087;1;1064
'J';4088;1;1064
'J';4089;1;1101
'J';4090;1;1036
'J';4091;1;1066
'J';4092;1;1071
'J';4093;1;1047
'J';4094;1;1109
'J';4095;1;1040
'J';4096;1;1001
'J';4097;1;1047
'J';4099;1;1066
'J';4100;1;1055
'J';4101;1;1087
'J';4102;1;1066
'J';4103;1;1064
'J';4104;1;1047
'J';4105;1;1095
'J';4106;1;1064
'J';4107;1;1064
'J';4108;1;1064
'J';4109;1;1064
'J';4110;1;1033
'J';4111;1;1005
'J';4112;1;1101
'J';4113;1;1047
'J';4114;1;1040
'J';4115;1;1025
'J';4116;1;1064
'J';4117;1;1010
'J';4118;1;1047
'J';4119;1;1025
'J';4120;1;1066
'J';4121;1;1025
'J';4122;1;1095
'J';4123;1;1005
'J';4124;1;1064
'J';4125;1;1010
'J';4126;1;1066
'J';4129;1;1066
'J';4130;1;1036
'J';4133;1;1040
'J';4134;1;1009
'J';4134;2;1075
'J';4135;1;1066
'J';4136;1;1066
'J';4137;1;1064
'J';4138;1;1066
'J';4140;1;1070
'J';4141;1;1066
'J';4142;1;1101
'J';4143;1;1066
'J';4144;1;1047
'J';4145;1;1047
'J';4146;1;1041
'J';4147;1;1047
'J';4148;1;1022
'J';4149;1;1066
'J';4150;1;1064
'J';4151;1;1101
'J';4152;1;1072
'J';4153;1;1066
'J';4154;1;1040
'J';4155;1;1050
'J';4156;1;1050
'J';4157;1;1009
'J';4157;2;1075
'J';4158;1;1050
'J';4159;1;1036
'J';4160;1;1064
'J';4161;1;1087
'J';4162;1;1047
'J';4163;1;1079
'J';4164;1;1010
'J';4165;1;1064
'J';4166;1;1041
'J';4167;1;1010
'J';4168;1;1036
'J';4169;1;1025
'J';4170;1;1040
'J';4171;1;1064
'J';4172;1;1066
'J';4173;1;1096
'J';4174;1;1011
'J';4175;1;1036
'J';4176;1;1011
'J';4177;1;1070
'J';4178;1;1047
'J';4179;1;1064
'J';4180;1;1076
'J';4181;1;1087
'J';4182;1;1047
'J';4183;1;1064
'J';4184;1;1096
'J';4185;1;1064
'J';4186;1;1079
'J';4187;1;1009
'J';4187;2;1075
'J';4188;1;1055
'J';4189;1;1047
'J';4190;1;1011
'J';4191;1;1047
'J';4192;1;1064
'J';4193;1;1025
'J';4194;1;1027
'J';4195;1;1009
'J';4195;2;1075
'J';4197;1;1027
'J';4198;1;1087
'J';4199;1;1047
'J';4200;1;1066
'J';4201;1;1064
'J';4202;1;1066
'J';4203;1;1005
'J';4204;1;1008
'J';4205;1;1095
'J';4206;1;1064
'J';4207;1;1066
'J';4208;1;1038
'J';4209;1;1050
'J';4210;1;1066
'J';4211;1;1064
'J';4212;1;1008
'J';4213;1;1066
'J';4214;1;1047
'J';4215;1;1096
'J';4216;1;1101
'J';4217;1;1025
'J';4218;1;1070
'J';4219;1;1066
'J';4220;1;1050
'J';4221;1;1085
'J';4222;1;1044
'J';4223;1;1009
'J';4223;2;1075
'J';4224;1;1010
'J';4225;1;1066
'J';4226;1;1087
'J';4228;1;1036
'J';4229;1;1044
'J';4230;1;1027
'J';4231;1;1036
'J';4232;1;1025
'J';4233;1;1097
'J';4234;1;1018
'J';4235;1;1101
'J';4236;1;1066
'J';4237;1;1008
'J';4238;1;1029
'J';4239;1;1066
'J';4240;1;1064
'J';4241;1;1018
'J';4242;1;1095
'J';4243;1;1040
'J';4244;1;1066
'J';4245;1;1018
'J';4246;1;1064
'J';4247;1;1009
'J';4247;2;1075
'J';4248;1;1005
'J';4249;1;1064
'J';4250;1;1001
'J';4251;1;1022
'J';4252;1;1079
'J';4253;1;1066
'J';4254;1;1037
'J';4255;1;1037
'J';4256;1;1022
'J';4257;1;1070
'J';4258;1;1029
'J';4259;1;1066
'J';4260;1;1047
'J';4261;1;1042
'J';4262;1;1018
'J';4263;1;1095
'J';4264;1;1050
'J';4265;1;1101
'J';4266;1;1064
'J';4267;1;1010
'J';4268;1;1036
'J';4269;1;1038
'J';4270;1;1044
'J';4272;1;1066
'J';4273;1;1066
'J';4274;1;1044
'J';4275;1;1042
'J';4276;1;1044
'J';4277;1;1036
'J';4278;1;1044
'J';4279;1;1018
'J';4280;1;1066
'J';4281;1;1036
'J';4282;1;1095
'J';4283;1;1101
'J';4284;1;1087
'J';4285;1;1066
'J';4286;1;1044
'J';4287;1;1072
'J';4288;1;1066
'J';4289;1;1044
'J';4290;1;1036
'J';4291;1;1036
'J';4292;1;1028
'J';4293;1;1076
'J';4294;1;1036
'J';4296;1;1011
'J';4297;1;1036
'J';4298;1;1036
'J';4299;1;1064
'J';4300;1;1064
'J';4301;1;1042
'J';4302;1;1101
'J';4303;1;1064
'J';4304;1;1039
'J';4307;1;1064
'J';4308;1;1026
'J';4309;1;1005
'J';4310;1;1095
'J';4311;1;1018
'J';4312;1;1050
'J';4313;1;1001
'J';4314;1;1010
'J';4315;1;1025
'J';4317;1;1047
'J';4318;1;1011
'J';4319;1;1027
'J';4320;1;1064
'J';4321;1;1085
'J';4322;1;1036
'J';4323;1;1095
'J';4324;1;1025
'J';4325;1;1010
'J';4326;1;1096
'J';4327;1;1044
'J';4329;1;1038
'J';4330;1;1066
'J';4331;1;1018
'J';4332;1;1036
'J';4333;1;1009
'J';4333;2;1075
'J';4334;1;1044
'J';4335;1;1021
'J';4336;1;1009
'J';4336;2;1075
'J';4337;1;1042
'J';4338;1;1036
'J';4339;1;1071
'J';4340;1;1055
'J';4341;1;1064
'J';4342;1;1009
'J';4342;2;1075
'J';4343;1;1070
'J';4344;1;1099
'J';4346;1;1027
'J';4347;1;1038
'J';4348;1;1064
'J';4349;1;1019
'J';4350;1;1022
'J';4351;1;1038
'J';4352;1;1018
'J';4353;1;1101
'J';4354;1;1047
'J';4355;1;1095
'J';4356;1;1064
'J';4357;1;1093
'J';4358;1;1025
'J';4359;1;1040
'J';4360;1;1022
'J';4362;1;1005
'J';4363;1;1097
'J';4364;1;1064
'J';4365;1;1087
'J';4366;1;1044
'J';4367;1;1070
'J';4368;1;1036
'J';4369;1;1025
'J';4370;1;1040
'J';4371;1;1011
'J';4372;1;1050
'J';4373;1;1069
'J';4374;1;1040
'J';4375;1;1008
'J';4376;1;1101
'J';4379;1;1071
'J';4380;1;1101
'J';4381;1;1019
'J';4382;1;1011
'J';4383;1;1025
'J';4384;1;1064
'J';4385;1;1037
'J';4386;1;1064
'J';4387;1;1027
'J';4388;1;1093
'J';4389;1;1099
'J';4390;1;1044
'J';4391;1;1021
'J';4392;1;1064
'J';4393;1;1097
'J';4394;1;1076
'J';4395;1;1044
'J';4396;1;1101
'J';4397;1;1036
'J';4398;1;1022
'J';4399;1;1027
'J';4400;1;1025
'J';4401;1;1064
'J';4402;1;1085
'J';4403;1;1019
'J';4404;1;1007
'J';4405;1;1095
'J';4406;1;1085
'J';4407;1;1047
'J';4408;1;1044
'J';4409;1;1064
'J';4410;1;1012
'J';4411;1;1026
'J';4412;1;1022
'J';4413;1;1097
'J';4414;1;1036
'J';4415;1;1044
'J';4416;1;1047
'J';4417;1;1005
'J';4418;1;1025
'J';4419;1;1096
'J';4420;1;1011
'J';4421;1;1040
'J';4423;1;1066
'J';4424;1;1044
'J';4425;1;1022
'J';4426;1;1097
'J';4427;1;1040
'J';4428;1;1064
'J';4429;1;1009
'J';4429;2;1075
'J';4430;1;1009
'J';4430;2;1075
'J';4431;1;1041
'J';4432;1;1070
'J';4433;1;1036
'J';4434;1;1064
'J';4435;1;1085
'J';4436;1;1040
'J';4437;1;1044
'J';4438;1;1101
'J';4439;1;1038
'J';4440;1;1005
'J';4441;1;1101
'J';4442;1;1071
'J';4443;1;1064
'J';4444;1;1036
'J';4445;1;1097
'J';4446;1;1042
'J';4447;1;1044
'J';4448;1;1047
'J';4449;1;1022
'J';4450;1;1028
'J';4451;1;1064
'J';4452;1;1087
'J';4453;1;1072
'J';4454;1;1040
'J';4455;1;1044
'J';4456;1;1050
'J';4457;1;1037
'J';4458;1;1010
'J';4459;1;1040
'J';4460;1;1047
'J';4462;1;1047
'J';4463;1;1027
'J';4464;1;1066
'J';4465;1;1042
'J';4466;1;1101
'J';4467;1;1007
'J';4468;1;1093
'J';4469;1;1066
'J';4470;1;1093
'J';4471;1;1036
'J';4472;1;1033
'J';4473;1;1044
'J';4474;1;1095
'J';4475;1;1096
'J';4476;1;1064
'J';4477;1;1044
'J';4478;1;1085
'J';4479;1;1044
'J';4480;1;1037
'J';4481;1;1097
'J';4482;1;1066
'J';4483;1;1066
'J';4484;1;1064
'J';4485;1;1050
'J';4486;1;1072
'J';4487;1;1022
'J';4488;1;1064
'J';4489;1;1079
'J';4490;1;1101
'J';4491;1;1066
'J';4492;1;1096
'J';4493;1;1070
'J';4494;1;1095
'J';4495;1;1009
'J';4495;2;1075
'J';4496;1;1040
'J';4497;1;1026
'J';4498;1;1029
'J';4499;1;1040
'J';4500;1;1011
'J';4501;1;1055
'J';4502;1;1066
'J';4503;1;1064
'J';4504;1;1036
'J';4505;1;1055
'J';4506;1;1079
'J';4507;1;1069
'J';4508;1;1096
'J';4509;1;1050
'J';4510;1;1036
'J';4511;1;1026
'J';4512;1;1022
'J';4513;1;1097
'J';4514;1;1097
'J';4515;1;1018
'J';4516;1;1055
'J';4517;1;1066
'J';4518;1;1027
'J';4519;1;1064
'J';4520;1;1055
'J';4521;1;1018
'J';4522;1;1072
'J';4523;1;1025
'J';4524;1;1012
'J';4525;1;1025
'J';4526;1;1071
'J';4527;1;1037
'J';4528;1;1036
'J';4529;1;1070
'J';4530;1;1055
'J';4531;1;1066
'J';4532;1;1040
'J';4533;1;1064
'J';4534;1;1096
'J';4535;1;1027
'J';4536;1;1009
'J';4536;2;1075
'J';4537;1;1064
'J';4538;1;1027
'J';4539;1;1070
'J';4540;1;1101
'J';4541;1;1037
'J';4542;1;1025
'J';4543;1;1095
'J';4544;1;1095
'J';4545;1;1011
'J';4546;1;1047
'J';4547;1;1022
'J';4548;1;1099
'J';4549;1;1011
'J';4550;1;1055
'J';4551;1;1028
'J';4552;1;1044
'J';4553;1;1027
'J';4554;1;1013
'J';4555;1;1096
'J';4556;1;1022
'J';4557;1;1085
'J';4558;1;1071
'J';4559;1;1069
'J';4560;1;1068
'J';4561;1;1095
'J';4562;1;1095
'J';4563;1;1044
'J';4564;1;1064
'J';4565;1;1032
'J';4566;1;1036
'J';4567;1;1007
'J';4568;1;1047
'J';4569;1;1070
'J';4570;1;1064
'J';4571;1;1070
'J';4572;1;1101
'J';4573;1;1042
'J';4574;1;1044
'J';4575;1;1047
'J';4576;1;1097
'J';4579;1;1101
'J';4580;1;1102
'J';4581;1;1097
'J';4582;1;1039
'J';4583;1;1047
'J';4584;1;1064
'J';4585;1;1099
'J';4586;1;1096
'J';4587;1;1076
'J';4588;1;1022
'J';4589;1;1041
'J';4590;1;1027
'J';4591;1;1011
'J';4592;1;1044
'J';4593;1;1041
'J';4594;1;1072
'J';4595;1;1101
'J';4596;1;1087
'J';4597;1;1095
'J';4599;1;1027
'J';4600;1;1025
'J';4601;1;1026
'J';4602;1;1029
'J';4603;1;1011
'J';4604;1;1076
'J';4605;1;1011
'J';4606;1;1036
'J';4607;1;1041
'J';4608;1;1072
'J';4609;1;1064
'J';4610;1;1101
'J';4611;1;1085
'J';4612;1;1011
'J';4613;1;1036
'J';4614;1;1036
'J';4615;1;1050
'J';4616;1;1011
'J';4617;1;1097
'J';4618;1;1010
'J';4619;1;1101
'J';4620;1;1018
'J';4621;1;1022
'J';4622;1;1071
'J';4623;1;1096
'J';4625;1;1047
'J';4626;1;1071
'J';4627;1;1025
'J';4628;1;1027
'J';4629;1;1064
'J';4630;1;1021
'J';4631;1;1022
'J';4632;1;1095
'J';4633;1;1047
'J';4634;1;1009
'J';4634;2;1075
'J';4635;1;1072
'J';4636;1;1095
'J';4637;1;1044
'J';4638;1;1064
'J';4639;1;1055
'J';4640;1;1047
'J';4641;1;1095
'J';4643;1;1072
'J';4644;1;1026
'J';4648;1;1050
'J';4649;1;1032
'J';4650;1;1101
'J';4652;1;1041
'J';4653;1;1050
'J';4654;1;1022
'J';4655;1;1040
'J';4656;1;1050
'J';4658;1;1099
'J';4659;1;1079
'J';4660;1;1099
'J';4661;1;1005
'J';4662;1;1057
'J';4663;1;1021
'J';4664;1;1072
'J';4665;1;1022
'J';4666;1;1029
'J';4667;1;1036
'J';4668;1;1066
'J';4669;1;1072
'J';4670;1;1027
'J';4671;1;1011
'J';4672;1;1026
'J';4673;1;1027
'J';4674;1;1028
'J';4675;1;1070
'J';4676;1;1095
'J';4677;1;1079
'J';4678;1;1070
'J';4679;1;1027
'J';4680;1;1071
'J';4681;1;1022
'J';4682;1;1009
'J';4682;2;1075
'J';4683;1;1027
'J';4684;1;1026
'J';4685;1;1044
'J';4686;1;1010
'J';4687;1;1036
'J';4688;1;1027
'J';4690;1;1022
'J';4691;1;1022
'J';4692;1;1064
'J';4693;1;1026
'J';4694;1;1097
'J';4695;1;1040
'J';4696;1;1040
'J';4697;1;1005
'J';4698;1;1093
'J';4699;1;1047
'J';4700;1;1022
'J';4701;1;1095
'J';4702;1;1039
'J';4703;1;1080
'J';4704;1;1011
'J';4705;1;1018
'J';4706;1;1093
'J';4707;1;1093
'J';4708;1;1009
'J';4708;2;1075
'J';4710;1;1072
'J';4711;1;1096
'J';4712;1;1072
'J';4713;1;1037
'J';4714;1;1050
'J';4715;1;1096
'J';4716;1;1096
'J';4717;1;1047
'J';4718;1;1095
'J';4719;1;1047
'J';4720;1;1040
'J';4721;1;1071
'J';4722;1;1064
'J';4723;1;1027
'J';4724;1;1097
'J';4725;1;1042
'J';4726;1;1097
'J';4727;1;1070
'J';4728;1;1008
'J';4729;1;1070
'J';4730;1;1042
'J';4732;1;1064
'J';4733;1;1040
'J';4734;1;1029
'J';4735;1;1044
'J';4736;1;1064
'J';4737;1;1011
'J';4738;1;1011
'J';4739;1;1072
'J';4740;1;1012
'J';4741;1;1025
'J';4742;1;1064
'J';4743;1;1019
'J';4744;1;1095
'J';4745;1;1036
'J';4746;1;1093
'J';4747;1;1011
'J';4748;1;1042
'J';4749;1;1047
'J';4750;1;1101
'J';4751;1;1096
'J';4752;1;1047
'J';4753;1;1005
'J';4754;1;1085
'J';4755;1;1027
'J';4756;1;1018
'J';4757;1;1036
'J';4758;1;1072
'J';4759;1;1064
'J';4760;1;1025
'J';4761;1;1012
'J';4762;1;1093
'J';4763;1;1005
'J';4764;1;1036
'J';4765;1;1099
'J';4766;1;1019
'J';4767;1;1022
'J';4768;1;1022
'J';4769;1;1021
'J';4770;1;1055
'J';4771;1;1018
'J';4772;1;1066
'J';4773;1;1055
'J';4774;1;1027
'J';4775;1;1018
'J';4776;1;1099
'J';4777;1;1022
'J';4778;1;1096
'J';4779;1;1022
'J';4780;1;1027
'J';4781;1;1101
'J';4782;1;1047
'J';4783;1;1005
'J';4784;1;1101
'J';4785;1;1101
'J';4786;1;1037
'J';4787;1;1021
'J';4788;1;1036
'J';4789;1;1036
'J';4790;1;1096
'J';4791;1;1064
'J';4792;1;1042
'J';4793;1;1038
'J';4794;1;1038
'J';4795;1;1019
'J';4796;1;1022
'J';4797;1;1022
'J';4798;1;1008
'J';4799;1;1025
'J';4800;1;1013
'J';4801;1;1050
'J';4802;1;1069
'J';4803;1;1069
'J';4804;1;1025
'J';4805;1;1047
'J';4806;1;1066
'J';4807;1;1047
'J';4808;1;1037
'J';4809;1;1097
'J';4810;1;1072
'J';4811;1;1050
'J';4812;1;1055
'J';4813;1;1018
'J';4814;1;1010
'J';4815;1;1095
'J';4816;1;1084
'J';4817;1;1037
'J';4818;1;1050
'J';4819;1;1064
'J';4820;1;1064
'J';4821;1;1050
'J';4822;1;1096
'J';4823;1;1005
'J';4825;1;1009
'J';4825;2;1075
'J';4827;1;1013
'J';4828;1;1064
'J';4829;1;1025
'J';4830;1;1022
'J';4831;1;1095
'J';4832;1;1040
'J';4833;1;1005
'J';4834;1;1009
'J';4834;2;1075
'J';4835;1;1042
'J';4836;1;1042
'J';4837;1;1042
'J';4838;1;1022
'J';4839;1;1036
'J';4840;1;1087
'J';4841;1;1027
'J';4842;1;1070
'J';4843;1;1036
'J';4844;1;1036
'J';4846;1;1055
'J';4847;1;1038
'J';4848;1;1064
'J';4849;1;1047
'J';4850;1;1040
'J';4851;1;1019
'J';4852;1;1050
'J';4853;1;1022
'J';4854;1;1092
'J';4855;1;1097
'J';4856;1;1079
'J';4857;1;1099
'J';4858;1;1099
'J';4859;1;1096
'J';4860;1;1010
'J';4861;1;1005
'J';4862;1;1019
'J';4863;1;1099
'J';4864;1;1029
'J';4865;1;1028
'J';4866;1;1047
'J';4867;1;1069
'J';4868;1;1028
'J';4869;1;1022
'J';4870;1;1032
'J';4871;1;1047
'J';4872;1;1038
'J';4873;1;1087
'J';4874;1;1042
'J';4875;1;1087
'J';4876;1;1101
'J';4877;1;1087
'J';4878;1;1047
'J';4879;1;1040
'J';4880;1;1027
'J';4881;1;1032
'J';4883;1;1042
'J';4884;1;1019
'J';4885;1;1076
'J';4886;1;1093
'J';4887;1;1027
'J';4888;1;1042
'J';4889;1;1008
'J';4890;1;1050
'J';4891;1;1050
'J';4892;1;1011
'J';4893;1;1047
'J';4894;1;1096
'J';4895;1;1079
'J';4897;1;1072
'J';4898;1;1047
'J';4899;1;1082
'J';4900;1;1011
'J';4901;1;1011
'J';4902;1;1040
'J';4903;1;1099
'J';4904;1;1005
'J';4905;1;1027
'J';4906;1;1050
'J';4907;1;1101
'J';4908;1;1047
'J';4909;1;1038
'J';4910;1;1072
'J';4911;1;1064
'J';4912;1;1070
'J';4913;1;1026
'J';4915;1;1005
'J';4916;1;1011
'J';4917;1;1025
'J';4918;1;1099
'J';4919;1;1013
'J';4920;1;1028
'J';4921;1;1012
'J';4922;1;1019
'J';4923;1;1050
'J';4924;1;1036
'J';4925;1;1047
'J';4926;1;1011
'J';4927;1;1072
'J';4928;1;1072
'J';4929;1;1085
'J';4930;1;1072
'J';4931;1;1050
'J';4932;1;1097
'J';4933;1;1026
'J';4934;1;1093
'J';4935;1;1050
'J';4936;1;1070
'J';4937;1;1099
'J';4938;1;1044
'J';4939;1;1007
'J';4941;1;1079
'J';4942;1;1025
'J';4943;1;1055
'J';4944;1;1079
'J';4945;1;1050
'J';4947;1;1064
'J';4948;1;1022
'J';4949;1;1072
'J';4950;1;1096
'J';4951;1;1037
'J';4952;1;1022
'J';4953;1;1019
'J';4954;1;1101
'J';4955;1;1011
'J';4956;1;1085
'J';4957;1;1008
'J';4958;1;1007
'J';4959;1;1099
'J';4960;1;1047
'J';4961;1;1036
'J';4962;1;1072
'J';4963;1;1011
'J';4964;1;1039
'J';4965;1;1007
'J';4966;1;1099
'J';4967;1;1030
'J';4968;1;1072
'J';4969;1;1055
'J';4970;1;1001
'J';4971;1;1076
'J';4972;1;1027
'J';4973;1;1072
'J';4974;1;1079
'J';4975;1;1072
'J';4976;1;1050
'J';4977;1;1032
'J';4978;1;1050
'J';4979;1;1028
'J';4980;1;1093
'J';4981;1;1072
'J';4982;1;1055
'J';4983;1;1005
'J';4984;1;1025
'J';4985;1;1008
'J';4986;1;1050
'J';4987;1;1027
'J';4988;1;1022
'J';4989;1;1025
'J';4990;1;1079
'J';4991;1;1072
'J';4992;1;1096
'J';4993;1;1027
'J';4994;1;1040
'J';4995;1;1005
'J';4996;1;1041
'J';4997;1;1041
'J';4998;1;1047
'J';4999;1;1079
'J';5000;1;1050
'J';5001;1;1095
'J';5002;1;1070
'J';5003;1;1071
'J';5004;1;1025
'J';5005;1;1079
'J';5006;1;1025
'J';5007;1;1036
'J';5009;1;1064
'J';5010;1;1042
'J';5011;1;1036
'J';5012;1;1085
'J';5013;1;1039
'J';5014;1;1054
'J';5015;1;1057
'J';5016;1;1047
'J';5017;1;1009
'J';5017;2;1075
'J';5018;1;1087
'J';5019;1;1040
'J';5020;1;1022
'J';5021;1;1025
'J';5022;1;1079
'J';5023;1;1099
'J';5025;1;1097
'J';5026;1;1095
'J';5027;1;1050
'J';5028;1;1027
'J';5029;1;1095
'J';5030;1;1013
'J';5031;1;1018
'J';5032;1;1097
'J';5033;1;1008
'J';5034;1;1039
'J';5035;1;1037
'J';5036;1;1066
'J';5037;1;1044
'J';5038;1;1008
'J';5039;1;1095
'J';5040;1;1028
'J';5041;1;1096
'J';5042;1;1097
'J';5043;1;1029
'J';5044;1;1095
'J';5045;1;1029
'J';5046;1;1022
'J';5047;1;1036
'J';5048;1;1085
'J';5049;1;1079
'J';5050;1;1022
'J';5051;1;1072
'J';5052;1;1095
'J';5053;1;1055
'J';5054;1;1079
'J';5055;1;1069
'J';5057;1;1099
'J';5058;1;1027
'J';5059;1;1096
'J';5060;1;1072
'J';5061;1;1079
'J';5062;1;1050
'J';5063;1;1064
'J';5064;1;1079
'J';5065;1;1069
'J';5066;1;1040
'J';5067;1;1072
'J';5068;1;1096
'J';5069;1;1072
'J';5070;1;1025
'J';5071;1;1050
'J';5073;1;1068
'J';5074;1;1050
'J';5075;1;1101
'J';5076;1;1095
'J';5077;1;1012
'J';5078;1;1093
'J';5079;1;1087
'J';5080;1;1050
'J';5081;1;1055
'J';5082;1;1071
'J';5083;1;1022
'J';5084;1;1027
'J';5085;1;1008
'J';5086;1;1055
'J';5087;1;1026
'J';5088;1;1027
'J';5089;1;1101
'J';5090;1;1093
'J';5091;1;1022
'J';5092;1;1027
'J';5093;1;1071
'J';5094;1;1093
'J';5095;1;1064
'J';5096;1;1012
'J';5097;1;1080
'J';5100;1;1027
'J';5101;1;1085
'J';5103;1;1047
'J';5104;1;1011
'J';5105;1;1093
'J';5106;1;1072
'J';5107;1;1027
'J';5108;1;1079
'J';5109;1;1050
'J';5110;1;1018
'J';5111;1;1069
'J';5112;1;1011
'J';5113;1;1028
'J';5114;1;1010
'J';5115;1;1018
'J';5116;1;1096
'J';5117;1;1036
'J';5118;1;1097
'J';5119;1;1097
'J';5120;1;1097
'J';5121;1;1095
'J';5122;1;1028
'J';5123;1;1069
'J';5124;1;1047
'J';5125;1;1047
'J';5126;1;1044
'J';5127;1;1093
'J';5128;1;1019
'J';5129;1;1076
'J';5130;1;1093
'J';5131;1;1010
'J';5132;1;1071
'J';5133;1;1010
'J';5134;1;1039
'J';5135;1;1011
'J';5136;1;1029
'J';5137;1;1011
'J';5138;1;1076
'J';5139;1;1039
'J';5140;1;1076
'J';5141;1;1025
'J';5142;1;1096
'J';5143;1;1018
'J';5144;1;1072
'J';5145;1;1008
'J';5146;1;1010
'J';5147;1;1050
'J';5148;1;1013
'J';5149;1;1011
'J';5150;1;1029
'J';5151;1;1101
'J';5152;1;1093
'J';5153;1;1032
'J';5154;1;1055
'J';5155;1;1018
'J';5156;1;1064
'J';5157;1;1042
'J';5158;1;1001
'J';5159;1;1018
'J';5160;1;1001
'J';5161;1;1096
'J';5162;1;1101
'J';5163;1;1005
'J';5164;1;1027
'J';5165;1;1085
'J';5166;1;1022
'J';5167;1;1101
'J';5168;1;1097
'J';5170;1;1093
'J';5171;1;1047
'J';5172;1;1022
'J';5173;1;1076
'J';5174;1;1079
'J';5175;1;1101
'J';5176;1;1022
'J';5177;1;1011
'J';5178;1;1044
'J';5179;1;1050
'J';5180;1;1011
'J';5181;1;1064
'J';5182;1;1026
'J';5183;1;1054
'J';5184;1;1036
'J';5185;1;1093
'J';5186;1;1055
'J';5187;1;1026
'J';5188;1;1028
'J';5189;1;1076
'J';5190;1;1099
'J';5191;1;1025
'J';5192;1;1064
'J';5193;1;1069
'J';5194;1;1005
'J';5195;1;1050
'J';5196;1;1036
'J';5197;1;1099
'J';5198;1;1072
'J';5199;1;1069
'J';5200;1;1022
'J';5201;1;1101
'J';5202;1;1037
'J';5204;1;1079
'J';5205;1;1095
'J';5206;1;1096
'J';5207;1;1044
'J';5208;1;1037
'J';5209;1;1027
'J';5210;1;1050
'J';5211;1;1072
'J';5212;1;1064
'J';5213;1;1101
'J';5214;1;1010
'J';5215;1;1022
'J';5216;1;1079
'J';5217;1;1047
'J';5218;1;1047
'J';5219;1;1079
'J';5220;1;1013
'J';5221;1;1101
'J';5222;1;1012
'J';5223;1;1013
'J';5224;1;1018
'J';5225;1;1054
'J';5226;1;1057
'J';5227;1;1026
'J';5228;1;1025
'J';5229;1;1026
'J';5230;1;1025
'J';5231;1;1013
'J';5232;1;1044
'J';5233;1;1050
'J';5234;1;1026
'J';5235;1;1093
'J';5236;1;1027
'J';5237;1;1101
'J';5238;1;1047
'J';5239;1;1047
'J';5240;1;1013
'J';5241;1;1085
'J';5242;1;1007
'J';5243;1;1018
'J';5244;1;1012
'J';5245;1;1085
'J';5246;1;1013
'J';5247;1;1076
'J';5248;1;1101
'J';5249;1;1012
'J';5250;1;1096
'J';5251;1;1055
'J';5252;1;1097
'J';5253;1;1085
'J';5254;1;1064
'J';5255;1;1093
'J';5256;1;1042
'J';5257;1;1042
'J';5258;1;1027
'J';5259;1;1032
'J';5260;1;1005
'J';5261;1;1019
'J';5262;1;1013
'J';5263;1;1055
'J';5264;1;1097
'J';5265;1;1079
'J';5266;1;1022
'J';5267;1;1079
'J';5268;1;1026
'J';5269;1;1044
'J';5270;1;1013
'J';5271;1;1042
'J';5272;1;1068
'J';5273;1;1013
'J';5274;1;1018
'J';5275;1;1055
'J';5276;1;1070
'J';5277;1;1044
'J';5278;1;1072
'J';5279;1;1044
'J';5280;1;1079
'J';5281;1;1079
'J';5282;1;1093
'J';5283;1;1012
'J';5284;1;1018
'J';5285;1;1027
'J';5286;1;1101
'J';5288;1;1018
'J';5289;1;1042
'J';5290;1;1010
'J';5291;1;1050
'J';5292;1;1050
'J';5293;1;1072
'J';5294;1;1012
'J';5296;1;1085
'J';5297;1;1096
'J';5298;1;1076
'J';5300;1;1096
'J';5301;1;1072
'J';5302;1;1050
'J';5303;1;1018
'J';5304;1;1022
'J';5305;1;1011
'J';5306;1;1036
'J';5307;1;1096
'J';5308;1;1072
'J';5309;1;1026
'J';5310;1;1018
'J';5311;1;1093
'J';5312;1;1027
'J';5313;1;1018
'J';5314;1;1044
'J';5315;1;1050
'J';5316;1;1011
'J';5317;1;1099
'J';5318;1;1068
'J';5319;1;1055
'J';5320;1;1041
'J';5321;1;1095
'J';5322;1;1029
'J';5323;1;1114
'J';5324;1;1032
'J';5325;1;1050
'J';5326;1;1011
'J';5327;1;1013
'J';5328;1;1036
'J';5329;1;1093
'J';5330;1;1008
'J';5331;1;1093
'J';5332;1;1081
'J';5333;1;1096
'J';5334;1;1011
'J';5335;1;1025
'J';5336;1;1097
'J';5337;1;1071
'J';5338;1;1079
'J';5339;1;1096
'J';5340;1;1096
'J';5341;1;1044
'J';5342;1;1047
'J';5343;1;1079
'J';5344;1;1109
'J';5345;1;1005
'J';5346;1;1032
'J';5347;1;1101
'J';5348;1;1072
'J';5349;1;1101
'J';5350;1;1028
'J';5352;1;1044
'J';5353;1;1044
'J';5354;1;1096
'J';5355;1;1044
'J';5356;1;1070
'J';5357;1;1027
'J';5358;1;1026
'J';5359;1;1039
'J';5360;1;1018
'J';5361;1;1097
'J';5362;1;1096
'J';5363;1;1042
'J';5364;1;1050
'J';5365;1;1101
'J';5366;1;1093
'J';5367;1;1047
'J';5368;1;1047
'J';5369;1;1057
'J';5370;1;1104
'J';5371;1;1050
'J';5372;1;1036
'J';5373;1;1041
'J';5374;1;1116
'J';5375;1;1026
'J';5376;1;1032
'J';5377;1;1021
'J';5378;1;1096
'J';5379;1;1047
'J';5380;1;1050
'J';5381;1;1055
'J';5382;1;1012
'J';5383;1;1076
'J';5384;1;1012
'J';5385;1;1013
'J';5386;1;1085
'J';5387;1;1099
'J';5388;1;1025
'J';5389;1;1036
'J';5390;1;1044
'J';5391;1;1042
'J';5392;1;1101
'J';5393;1;1070
'J';5394;1;1055
'J';5395;1;1041
'J';5396;1;1070
'J';5397;1;1093
'J';5398;1;1036
'J';5399;1;1096
'J';5400;1;1042
'J';5402;1;1018
'J';5403;1;1018
'J';5404;1;1087
'J';5405;1;1044
'J';5406;1;1047
'J';5407;1;1027
'J';5408;1;1055
'J';5409;1;1070
'J';5410;1;1070
'J';5411;1;1011
'J';5412;1;1055
'J';5413;1;1085
'J';5415;1;1095
'J';5416;1;1036
'J';5417;1;1050
'J';5418;1;1027
'J';5420;1;1055
'J';5422;1;1087
'J';5423;1;1040
'J';5424;1;1037
'J';5425;1;1040
'J';5426;1;1101
'J';5427;1;1072
'J';5428;1;1079
'J';5429;1;1079
'J';5430;1;1079
'J';5431;1;1072
'J';5432;1;1096
'J';5433;1;1027
'J';5434;1;1018
'J';5435;1;1050
'J';5436;1;1093
'J';5437;1;1050
'J';5438;1;1025
'J';5439;1;1025
'J';5440;1;1072
'J';5441;1;1099
'J';5442;1;1011
'J';5443;1;1047
'J';5444;1;1070
'J';5445;1;1114
'J';5446;1;1057
'J';5447;1;1010
'J';5448;1;1116
'J';5449;1;1085
'J';5450;1;1079
'J';5451;1;1095
'J';5452;1;1036
'J';5453;1;1101
'J';5454;1;1027
'J';5455;1;1026
'J';5456;1;1101
'J';5457;1;1028
'J';5458;1;1070
'J';5459;1;1013
'J';5460;1;1029
'J';5461;1;1068
'J';5462;1;1018
'J';5463;1;1101
'J';5464;1;1026
'J';5466;1;1055
'J';5467;1;1068
'J';5468;1;1071
'J';5469;1;1099
'J';5470;1;1018
'J';5471;1;1011
'J';5472;1;1093
'J';5473;1;1071
'J';5474;1;1055
'J';5475;1;1068
'J';5476;1;1060
'J';5477;1;1011
'J';5478;1;1036
'J';5479;1;1022
'J';5480;1;1036
'J';5481;1;1041
'J';5482;1;1068
'J';5483;1;1032
'J';5484;1;1021
'J';5486;1;1064
'J';5487;1;1047
'J';5488;1;1047
'J';5491;1;1099
'J';5492;1;1026
'J';5493;1;1042
'J';5494;1;1041
'J';5496;1;1080
'J';5497;1;1013
'J';5498;1;1032
'J';5499;1;1104
'J';5500;1;1101
'J';5501;1;1050
'J';5502;1;1037
'J';5503;1;1032
'J';5504;1;1095
'J';5505;1;1093
'J';5506;1;1079
'J';5507;1;1025
'J';5508;1;1097
'J';5509;1;1018
'J';5510;1;1037
'J';5511;1;1010
'J';5512;1;1079
'J';5513;1;1025
'J';5514;1;1022
'J';5515;1;1042
'J';5516;1;1047
'J';5517;1;1011
'J';5518;1;1025
'J';5519;1;1025
'J';5520;1;1011
'J';5521;1;1101
'J';5522;1;1079
'J';5523;1;1079
'J';5524;1;1096
'J';5525;1;1101
'J';5526;1;1096
'J';5527;1;1029
'J';5528;1;1050
'J';5530;1;1101
'J';5532;1;1101
'J';5533;1;1071
'J';5534;1;1042
'J';5535;1;1057
'J';5536;1;1041
'J';5537;1;1027
'J';5538;1;1071
'J';5539;1;1026
'J';5540;1;1037
'J';5541;1;1093
'J';5542;1;1095
'J';5543;1;1041
'J';5544;1;1025
'J';5545;1;1021
'J';5546;1;1032
'J';5547;1;1047
'J';5549;1;1013
'J';5550;1;1022
'J';5551;1;1050
'J';5552;1;1005
'J';5553;1;1037
'J';5554;1;1022
'J';5555;1;1025
'J';5556;1;1011
'J';5557;1;1008
'J';5558;1;1093
'J';5559;1;1039
'J';5560;1;1011
'J';5561;1;1055
'J';5562;1;1026
'J';5563;1;1025
'J';5564;1;1025
'J';5565;1;1072
'J';5566;1;1008
'J';5567;1;1114
'J';5568;1;1005
'J';5569;1;1032
'J';5570;1;1101
'J';5571;1;1004
'J';5572;1;1116
'J';5573;1;1027
'J';5574;1;1025
'J';5575;1;1047
'J';5576;1;1021
'J';5577;1;1076
'J';5578;1;1070
'J';5579;1;1012
'J';5580;1;1072
'J';5581;1;1005
'J';5582;1;1047
'J';5583;1;1008
'J';5584;1;1013
'J';5585;1;1027
'J';5586;1;1055
'J';5587;1;1027
'J';5588;1;1028
'J';5589;1;1079
'J';5590;1;1047
'J';5591;1;1070
'J';5592;1;1042
'J';5593;1;1057
'J';5594;1;1005
'J';5595;1;1116
'J';5596;1;1055
'J';5597;1;1076
'J';5598;1;1047
'J';5599;1;1055
'J';5600;1;1085
'J';5601;1;1018
'J';5602;1;1008
'J';5603;1;1059
'J';5604;1;1057
'J';5605;1;1037
'J';5606;1;1041
'J';5607;1;1070
'J';5608;1;1030
'J';5609;1;1022
'J';5610;1;1096
'J';5611;1;1012
'J';5612;1;1096
'J';5613;1;1072
'J';5615;1;1076
'J';5616;1;1018
'J';5617;1;1035
'J';5618;1;1079
'J';5619;1;1036
'J';5620;1;1085
'J';5621;1;1011
'J';5622;1;1116
'J';5623;1;1039
'J';5624;1;1022
'J';5625;1;1025
'J';5626;1;1022
'J';5627;1;1071
'J';5628;1;1099
'J';5629;1;1097
'J';5630;1;1026
'J';5631;1;1022
'J';5632;1;1018
'J';5633;1;1116
'J';5634;1;1026
'J';5635;1;1072
'J';5636;1;1050
'J';5637;1;1022
'J';5639;1;1001
'J';5640;1;1018
'J';5641;1;1116
'J';5642;1;1019
'J';5643;1;1076
'J';5644;1;1011
'J';5645;1;1052
'J';5646;1;1007
'J';5647;1;1007
'J';5648;1;1021
'J';5649;1;1007
'J';5650;1;1021
'J';5651;1;1001
'J';5652;1;1022
'J';5653;1;1022
'J';5654;1;1026
'J';5655;1;1026
'J';5656;1;1011
'J';5657;1;1085
'J';5658;1;1037
'J';5659;1;1097
'J';5660;1;1053
'J';5661;1;1012
'J';5662;1;1018
'J';5663;1;1093
'J';5664;1;1010
'J';5665;1;1093
'J';5666;1;1050
'J';5667;1;1097
'J';5668;1;1076
'J';5669;1;1085
'J';5670;1;1001
'J';5671;1;1076
'J';5672;1;1007
'J';5673;1;1096
'J';5674;1;1101
'J';5675;1;1026
'J';5676;1;1050
'J';5677;1;1025
'J';5678;1;1097
'J';5679;1;1011
'J';5680;1;1011
'J';5681;1;1022
'J';5682;1;1007
'J';5683;1;1013
'J';5684;1;1096
'J';5685;1;1026
'J';5686;1;1071
'J';5687;1;1041
'J';5688;1;1021
'J';5689;1;1029
'J';5691;1;1026
'J';5692;1;1021
'J';5693;1;1044
'J';5694;1;1057
'J';5695;1;1042
'J';5696;1;1037
'J';5697;1;1076
'J';5698;1;1025
'J';5699;1;1010
'J';5700;1;1032
'J';5701;1;1022
'J';5702;1;1076
'J';5704;1;1042
'J';5705;1;1036
'J';5706;1;1042
'J';5707;1;1116
'J';5708;1;1019
'J';5709;1;1059
'J';5710;1;1022
'J';5711;1;1101
'J';5712;1;1093
'J';5713;1;1057
'J';5714;1;1001
'J';5715;1;1011
'J';5716;1;1025
'J';5717;1;1026
'J';5718;1;1097
'J';5720;1;1059
'J';5721;1;1042
'J';5722;1;1042
'J';5723;1;1008
'J';5724;1;1022
'J';5725;1;1035
'J';5726;1;1026
'J';5727;1;1044
'J';5728;1;1011
'J';5729;1;1047
'J';5730;1;1026
'J';5732;1;1076
'J';5733;1;1072
'J';5734;1;1026
'J';5735;1;1026
'J';5736;1;1008
'J';5737;1;1035
'J';5738;1;1116
'J';5739;1;1060
'J';5740;1;1071
'J';5741;1;1076
'J';5742;1;1021
'J';5743;1;1116
'J';5744;1;1050
'J';5745;1;1042
'J';5746;1;1011
'J';5747;1;1072
'J';5748;1;1116
'J';5749;1;1019
'J';5750;1;1055
'J';5751;1;1025
'J';5752;1;1010
'J';5753;1;1008
'J';5754;1;1071
'J';5755;1;1042
'J';5756;1;1071
'J';5757;1;1095
'J';5758;1;1010
'J';5759;1;1041
'J';5760;1;1057
'J';5761;1;1116
'J';5762;1;1093
'J';5763;1;1076
'J';5764;1;1101
'J';5765;1;1041
'J';5766;1;1026
'J';5767;1;1116
'J';5768;1;1022
'J';5769;1;1022
'J';5770;1;1010
'J';5771;1;1022
'J';5772;1;1026
'J';5773;1;1022
'J';5774;1;1030
'J';5775;1;1011
'J';5776;1;1057
'J';5777;1;1085
'J';5778;1;1026
'J';5779;1;1096
'J';5780;1;1071
'J';5781;1;1050
'J';5782;1;1079
'J';5783;1;1096
'J';5784;1;1021
'J';5785;1;1021
'J';5786;1;1064
'J';5787;1;1021
'J';5789;1;1057
'J';5790;1;1025
'J';5791;1;1076
'J';5792;1;1093
'J';5794;1;1079
'J';5795;1;1011
'J';5796;1;1027
'J';5797;1;1093
'J';5798;1;1032
'J';5799;1;1054
'J';5800;1;1050
'J';5801;1;1018
'J';5802;1;1060
'J';5803;1;1040
'J';5804;1;1025
'J';5805;1;1038
'J';5806;1;1025
'J';5808;1;1055
'J';5809;1;1085
'J';5810;1;1064
'J';5811;1;1038
'J';5812;1;1109
'J';5813;1;1013
'J';5814;1;1044
'J';5815;1;1027
'J';5816;1;1013
'J';5817;1;1069
'J';5818;1;1042
'J';5819;1;1079
'J';5820;1;1079
'J';5821;1;1093
'J';5822;1;1018
'J';5823;1;1069
'J';5825;1;1057
'J';5826;1;1019
'J';5827;1;1072
'J';5828;1;1042
'J';5829;1;1093
'J';5830;1;1057
'J';5831;1;1035
'J';5832;1;1027
'J';5833;1;1050
'J';5834;1;1011
'J';5835;1;1027
'J';5836;1;1055
'J';5837;1;1012
'J';5838;1;1005
'J';5839;1;1101
'J';5840;1;1025
'J';5841;1;1055
'J';5842;1;1019
'J';5843;1;1013
'J';5844;1;1013
'J';5845;1;1071
'J';5846;1;1028
'J';5847;1;1029
'J';5848;1;1080
'J';5849;1;1041
'J';5850;1;1022
'J';5851;1;1050
'J';5852;1;1079
'J';5853;1;1114
'J';5854;1;1025
'J';5855;1;1093
'J';5856;1;1093
'J';5857;1;1042
'J';5858;1;1022
'J';5859;1;1076
'J';5860;1;1026
'J';5861;1;1114
'J';5862;1;1019
'J';5863;1;1036
'J';5864;1;1042
'J';5865;1;1041
'J';5867;1;1018
'J';5868;1;1042
'J';5869;1;1044
'J';5870;1;1072
'J';5871;1;1093
'J';5872;1;1011
'J';5873;1;1093
'J';5874;1;1026
'J';5875;1;1038
'J';5876;1;1050
'J';5877;1;1072
'J';5878;1;1068
'J';5879;1;1018
'J';5880;1;1007
'J';5881;1;1007
'J';5882;1;1010
'J';5883;1;1041
'J';5884;1;1012
'J';5885;1;1076
'J';5886;1;1076
'J';5887;1;1050
'J';5888;1;1069
'J';5889;1;1008
'J';5890;1;1011
'J';5891;1;1018
'J';5892;1;1010
'J';5893;1;1093
'J';5894;1;1085
'J';5895;1;1079
'J';5896;1;1057
'J';5897;1;1029
'J';5898;1;1022
'J';5899;1;1101
'J';5901;1;1093
'J';5902;1;1050
'J';5903;1;1041
'J';5904;1;1055
'J';5905;1;1037
'J';5906;1;1022
'J';5907;1;1116
'J';5908;1;1011
'J';5909;1;1079
'J';5910;1;1038
'J';5911;1;1028
'J';5912;1;1037
'J';5913;1;1026
'J';5914;1;1022
'J';5915;1;1085
'J';5916;1;1030
'J';5917;1;1004
'J';5918;1;1022
'J';5919;1;1019
'J';5920;1;1004
'J';5921;1;1008
'J';5922;1;1010
'J';5923;1;1052
'J';5924;1;1097
'J';5925;1;1070
'J';5926;1;1005
'J';5927;1;1057
'J';5928;1;1030
'J';5929;1;1025
'J';5930;1;1035
'J';5931;1;1041
'J';5932;1;1011
'J';5933;1;1018
'J';5935;1;1070
'J';5936;1;1116
'J';5937;1;1042
'J';5938;1;1041
'J';5939;1;1055
'J';5940;1;1097
'J';5941;1;1042
'J';5942;1;1085
'J';5943;1;1085
'J';5944;1;1013
'J';5945;1;1005
'J';5946;1;1096
'J';5947;1;1072
'J';5948;1;1011
'J';5949;1;1005
'J';5950;1;1047
'J';5951;1;1044
'J';5952;1;1035
'J';5953;1;1041
'J';5954;1;1042
'J';5955;1;1018
'J';5956;1;1019
'J';5957;1;1080
'J';5958;1;1013
'J';5959;1;1004
'J';5960;1;1028
'J';5961;1;1055
'J';5962;1;1055
'J';5963;1;1005
'J';5964;1;1012
'J';5965;1;1053
'J';5966;1;1011
'J';5968;1;1011
'J';5969;1;1025
'J';5970;1;1070
'J';5971;1;1013
'J';5972;1;1055
'J';5974;1;1027
'J';5975;1;1037
'J';5976;1;1022
'J';5977;1;1085
'J';5978;1;1021
'J';5980;1;1005
'J';5981;1;1029
'J';5982;1;1095
'J';5983;1;1019
'J';5984;1;1011
'J';5985;1;1095
'J';5986;1;1022
'J';5987;1;1060
'J';5988;1;1010
'J';5989;1;1005
'J';5990;1;1026
'J';5991;1;1070
'J';5992;1;1093
'J';5993;1;1035
'J';5994;1;1036
'J';5995;1;1006
'J';5996;1;1027
'J';5997;1;1011
'J';5998;1;1071
'J';5999;1;1044
'J';6001;1;1008
'J';6002;1;1068
'J';6003;1;1071
'J';6004;1;1026
'J';6005;1;1079
'J';6006;1;1022
'J';6007;1;1012
'J';6008;1;1026
'J';6009;1;1012
'J';6010;1;1101
'J';6011;1;1025
'J';6012;1;1037
'J';6013;1;1010
'J';6014;1;1050
'J';6015;1;1005
'J';6017;1;1032
'J';6019;1;1114
'J';6021;1;1041
'J';6023;1;1022
'J';6024;1;1044
'J';6025;1;1018
'J';6026;1;1096
'J';6027;1;1026
'J';6028;1;1059
'J';6029;1;1005
'J';6030;1;1038
'J';6031;1;1005
'J';6032;1;1011
'J';6033;1;1022
'J';6034;1;1011
'J';6035;1;1051
'J';6036;1;1019
'J';6037;1;1050
'J';6038;1;1021
'J';6040;1;1060
'J';6041;1;1047
'J';6042;1;1042
'J';6043;1;1116
'J';6044;1;1044
'J';6045;1;1096
'J';6046;1;1071
'J';6047;1;1055
'J';6048;1;1011
'J';6049;1;1055
'J';6050;1;1057
'J';6051;1;1013
'J';6052;1;1055
'J';6053;1;1013
'J';6054;1;1072
'J';6055;1;1114
'J';6056;1;1026
'J';6057;1;1116
'J';6058;1;1041
'J';6059;1;1109
'J';6060;1;1076
'J';6061;1;1097
'J';6062;1;1057
'J';6064;1;1013
'J';6065;1;1037
'J';6066;1;1093
'J';6067;1;1025
'J';6068;1;1085
'J';6069;1;1027
'J';6070;1;1013
'J';6071;1;1044
'J';6072;1;1068
'J';6073;1;1076
'J';6074;1;1085
'J';6075;1;1070
'J';6076;1;1025
'J';6077;1;1097
'J';6078;1;1072
'J';6079;1;1050
'J';6080;1;1018
'J';6081;1;1055
'J';6082;1;1038
'J';6083;1;1041
'J';6084;1;1072
'J';6085;1;1018
'J';6086;1;1072
'J';6087;1;1079
'J';6088;1;1026
'J';6089;1;1080
'J';6090;1;1099
'J';6091;1;1032
'J';6092;1;1038
'J';6094;1;1019
'J';6095;1;1116
'J';6096;1;1047
'J';6097;1;1071
'J';6098;1;1059
'J';6099;1;1101
'J';6100;1;1005
'J';6101;1;1050
'J';6102;1;1097
'J';6103;1;1042
'J';6104;1;1013
'J';6105;1;1071
'J';6106;1;1037
'J';6107;1;1019
'J';6108;1;1012
'J';6109;1;1041
'J';6110;1;1093
'J';6111;1;1085
'J';6112;1;1072
'J';6113;1;1018
'J';6114;1;1042
'J';6115;1;1079
'J';6116;1;1011
'J';6117;1;1096
'J';6118;1;1027
'J';6119;1;1035
'J';6120;1;1093
'J';6121;1;1116
'J';6122;1;1101
'J';6123;1;1029
'J';6124;1;1036
'J';6125;1;1018
'J';6126;1;1093
'J';6127;1;1008
'J';6128;1;1085
'J';6129;1;1021
'J';6130;1;1071
'J';6131;1;1029
'J';6132;1;1026
'J';6134;1;1010
'J';6135;1;1005
'J';6136;1;1069
'J';6137;1;1006
'J';6138;1;1097
'J';6139;1;1093
'J';6140;1;1072
'J';6141;1;1093
'J';6142;1;1055
'J';6143;1;1007
'J';6144;1;1026
'J';6145;1;1010
'J';6147;1;1072
'J';6148;1;1071
'J';6149;1;1085
'J';6150;1;1093
'J';6152;1;1021
'J';6153;1;1055
'J';6154;1;1028
'J';6155;1;1050
'J';6156;1;1013
'J';6157;1;1068
'J';6158;1;1021
'J';6160;1;1007
'J';6161;1;1035
'J';6162;1;1076
'J';6163;1;1044
'J';6164;1;1005
'J';6165;1;1036
'J';6166;1;1007
'J';6168;1;1042
'J';6169;1;1032
'J';6170;1;1055
'J';6171;1;1050
'J';6172;1;1093
'J';6173;1;1038
'J';6174;1;1101
'J';6175;1;1116
'J';6176;1;1026
'J';6177;1;1070
'J';6178;1;1026
'J';6179;1;1022
'J';6180;1;1101
'J';6181;1;1070
'J';6182;1;1079
'J';6183;1;1076
'J';6184;1;1055
'J';6185;1;1012
'J';6186;1;1007
'J';6187;1;1071
'J';6188;1;1081
'J';6189;1;1068
'J';6190;1;1116
'J';6191;1;1021
'J';6192;1;1070
'J';6193;1;1050
'J';6194;1;1044
'J';6195;1;1071
'J';6196;1;1019
'J';6197;1;1050
'J';6198;1;1072
'J';6199;1;1057
'J';6200;1;1055
'J';6201;1;1079
'J';6202;1;1079
'J';6203;1;1018
'J';6204;1;1029
'J';6205;1;1032
'J';6206;1;1032
'J';6207;1;1026
'J';6208;1;1055
'J';6209;1;1028
'J';6210;1;1093
'J';6211;1;1037
'J';6212;1;1057
'J';6213;1;1072
'J';6214;1;1035
'J';6215;1;1029
'J';6217;1;1011
'J';6218;1;1114
'J';6219;1;1057
'J';6220;1;1096
'J';6221;1;1055
'J';6223;1;1013
'J';6224;1;1001
'J';6225;1;1038
'J';6226;1;1055
'J';6227;1;1022
'J';6228;1;1116
'J';6229;1;1019
'J';6230;1;1055
'J';6231;1;1070
'J';6232;1;1080
'J';6233;1;1007
'J';6234;1;1042
'J';6236;1;1026
'J';6237;1;1096
'J';6238;1;1079
'J';6240;1;1035
'J';6241;1;1038
'J';6242;1;1038
'J';6243;1;1069
'J';6244;1;1055
'J';6245;1;1032
'J';6246;1;1037
'J';6247;1;1013
'J';6249;1;1026
'J';6250;1;1055
'J';6251;1;1001
'J';6252;1;1036
'J';6253;1;1013
'J';6254;1;1018
'J';6255;1;1026
'J';6256;1;1095
'J';6257;1;1011
'J';6258;1;1085
'J';6259;1;1071
'J';6260;1;1057
'J';6261;1;1038
'J';6262;1;1101
'J';6263;1;1068
'J';6264;1;1011
'J';6265;1;1071
'J';6266;1;1038
'J';6267;1;1027
'J';6268;1;1029
'J';6269;1;1042
'J';6270;1;1018
'J';6271;1;1097
'J';6272;1;1013
'J';6273;1;1005
'J';6274;1;1026
'J';6275;1;1022
'J';6276;1;1111
'J';6277;1;1096
'J';6278;1;1050
'J';6279;1;1097
'J';6280;1;1004
'J';6281;1;1055
'J';6282;1;1055
'J';6283;1;1041
'J';6284;1;1032
'J';6285;1;1011
'J';6286;1;1097
'J';6287;1;1013
'J';6288;1;1032
'J';6289;1;1095
'J';6290;1;1059
'J';6291;1;1012
'J';6292;1;1007
'J';6293;1;1071
'J';6294;1;1027
'J';6295;1;1018
'J';6296;1;1013
'J';6297;1;1096
'J';6298;1;1101
'J';6299;1;1022
'J';6300;1;1059
'J';6301;1;1044
'J';6302;1;1007
'J';6303;1;1042
'J';6304;1;1116
'J';6305;1;1099
'J';6306;1;1096
'J';6307;1;1055
'J';6308;1;1013
'J';6309;1;1007
'J';6310;1;1001
'J';6311;1;1096
'J';6312;1;1012
'J';6313;1;1017
'J';6314;1;1068
'J';6316;1;1012
'J';6317;1;1085
'J';6318;1;1036
'J';6319;1;1004
'J';6320;1;1005
'J';6321;1;1097
'J';6322;1;1026
'J';6323;1;1021
'J';6324;1;1026
'J';6325;1;1032
'J';6326;1;1027
'J';6327;1;1005
'J';6328;1;1022
'J';6329;1;1021
'J';6330;1;1012
'J';6331;1;1029
'J';6332;1;1072
'J';6333;1;1025
'J';6334;1;1025
'J';6336;1;1022
'J';6337;1;1076
'J';6339;1;1071
'J';6340;1;1022
'J';6341;1;1013
'J';6342;1;1072
'J';6343;1;1101
'J';6344;1;1099
'J';6345;1;1027
'J';6346;1;1076
'J';6347;1;1041
'J';6348;1;1027
'J';6349;1;1027
'J';6350;1;1005
'J';6351;1;1038
'J';6352;1;1071
'J';6353;1;1036
'J';6354;1;1071
'J';6355;1;1032
'J';6356;1;1008
'J';6357;1;1080
'J';6358;1;1022
'J';6359;1;1026
'J';6360;1;1008
'J';6361;1;1104
'J';6362;1;1095
'J';6363;1;1008
'J';6365;1;1012
'J';6366;1;1007
'J';6368;1;1022
'J';6369;1;1076
'J';6370;1;1097
'J';6372;1;1017
'J';6373;1;1007
'J';6374;1;1039
'J';6375;1;1068
'J';6376;1;1022
'J';6377;1;1057
'J';6378;1;1080
'J';6379;1;1035
'J';6380;1;1021
'J';6381;1;1071
'J';6382;1;1032
'J';6383;1;1041
'J';6384;1;1012
'J';6385;1;1012
'J';6386;1;1079
'J';6387;1;1071
'J';6388;1;1044
'J';6389;1;1017
'J';6390;1;1104
'J';6391;1;1026
'J';6392;1;1068
'J';6393;1;1071
'J';6394;1;1027
'J';6396;1;1055
'J';6397;1;1055
'J';6398;1;1021
'J';6399;1;1072
'J';6400;1;1096
'J';6401;1;1011
'J';6402;1;1042
'J';6403;1;1060
'J';6404;1;1085
'J';6405;1;1012
'J';6406;1;1012
'J';6407;1;1096
'J';6408;1;1093
'J';6409;1;1055
'J';6410;1;1064
'J';6411;1;1008
'J';6412;1;1050
'J';6413;1;1007
'J';6414;1;1037
'J';6415;1;1056
'J';6416;1;1035
'J';6417;1;1041
'J';6418;1;1081
'J';6419;1;1071
'J';6420;1;1060
'J';6421;1;1097
'J';6422;1;1018
'J';6423;1;1101
'J';6424;1;1095
'J';6425;1;1012
'J';6426;1;1017
'J';6427;1;1001
'J';6428;1;1071
'J';6429;1;1057
'J';6430;1;1026
'J';6431;1;1085
'J';6432;1;1007
'J';6433;1;1101
'J';6434;1;1032
'J';6435;1;1027
'J';6436;1;1011
'J';6437;1;1013
'J';6438;1;1099
'J';6439;1;1005
'J';6440;1;1068
'J';6441;1;1027
'J';6442;1;1097
'J';6443;1;1027
'J';6444;1;1057
'J';6445;1;1085
'J';6446;1;1101
'J';6447;1;1050
'J';6448;1;1101
'J';6449;1;1042
'J';6450;1;1006
'J';6451;1;1096
'J';6452;1;1001
'J';6453;1;1071
'J';6454;1;1116
'J';6455;1;1079
'J';6456;1;1007
'J';6457;1;1012
'J';6458;1;1005
'J';6459;1;1036
'J';6460;1;1025
'J';6462;1;1011
'J';6463;1;1012
'J';6464;1;1001
'J';6465;1;1093
'J';6466;1;1079
'J';6467;1;1012
'J';6468;1;1055
'J';6469;1;1011
'J';6470;1;1101
'J';6471;1;1026
'J';6472;1;1101
'J';6473;1;1041
'J';6474;1;1018
'J';6475;1;1011
'J';6476;1;1027
'J';6477;1;1042
'J';6478;1;1042
'J';6479;1;1099
'J';6480;1;1069
'J';6481;1;1042
'J';6482;1;1018
'J';6483;1;1037
'J';6484;1;1055
'J';6485;1;1060
'J';6486;1;1032
'J';6487;1;1012
'J';6488;1;1013
'J';6489;1;1054
'J';6490;1;1028
'J';6491;1;1069
'J';6492;1;1079
'J';6494;1;1044
'J';6495;1;1114
'J';6496;1;1085
'J';6497;1;1085
'J';6498;1;1052
'J';6499;1;1069
'J';6500;1;1050
'J';6501;1;1027
'J';6502;1;1027
'J';6503;1;1032
'J';6504;1;1114
'J';6505;1;1021
'J';6506;1;1036
'J';6507;1;1032
'J';6509;1;1036
'J';6510;1;1019
'J';6511;1;1032
'J';6512;1;1018
'J';6513;1;1007
'J';6514;1;1053
'J';6515;1;1036
'J';6516;1;1021
'J';6517;1;1012
'J';6518;1;1072
'J';6519;1;1026
'J';6520;1;1041
'J';6521;1;1076
'J';6522;1;1038
'J';6523;1;1068
'J';6524;1;1092
'J';6525;1;1008
'J';6526;1;1006
'J';6527;1;1095
'J';6528;1;1026
'J';6529;1;1027
'J';6531;1;1079
'J';6532;1;1012
'J';6534;1;1055
'J';6535;1;1095
'J';6536;1;1013
'J';6537;1;1096
'J';6538;1;1036
'J';6539;1;1022
'J';6540;1;1001
'J';6541;1;1028
'J';6542;1;1013
'J';6543;1;1026
'J';6544;1;1042
'J';6545;1;1059
'J';6546;1;1039
'J';6547;1;1022
'J';6548;1;1076
'J';6549;1;1076
'J';6550;1;1010
'J';6551;1;1038
'J';6552;1;1032
'J';6553;1;1071
'J';6554;1;1050
'J';6555;1;1026
'J';6556;1;1042
'J';6557;1;1008
'J';6558;1;1072
'J';6559;1;1097
'J';6560;1;1114
'J';6563;1;1018
'J';6565;1;1044
'J';6566;1;1041
'J';6567;1;1012
'J';6568;1;1027
'J';6569;1;1018
'J';6570;1;1096
'J';6571;1;1059
'J';6572;1;1036
'J';6573;1;1004
'J';6574;1;1072
'J';6575;1;1101
'J';6576;1;1010
'J';6577;1;1095
'J';6578;1;1055
'J';6579;1;1041
'J';6580;1;1008
'J';6581;1;1050
'J';6582;1;1044
'J';6583;1;1030
'J';6584;1;1030
'J';6585;1;1025
'J';6586;1;1032
'J';6587;1;1097
'J';6588;1;1057
'J';6589;1;1012
'J';6590;1;1021
'J';6591;1;1101
'J';6592;1;1026
'J';6593;1;1051
'J';6594;1;1079
'J';6595;1;1079
'J';6596;1;1022
'J';6597;1;1097
'J';6598;1;1044
'J';6599;1;1055
'J';6600;1;1028
'J';6602;1;1055
'J';6603;1;1037
'J';6604;1;1079
'J';6605;1;1101
'J';6606;1;1085
'J';6607;1;1114
'J';6608;1;1057
'J';6609;1;1001
'J';6610;1;1055
'J';6611;1;1085
'J';6612;1;1042
'J';6614;1;1055
'J';6615;1;1022
'J';6616;1;1037
'J';6617;1;1021
'J';6618;1;1041
'J';6619;1;1079
'J';6620;1;1095
'J';6621;1;1101
'J';6622;1;1116
'J';6623;1;1085
'J';6624;1;1095
'J';6625;1;1026
'J';6626;1;1032
'J';6627;1;1101
'J';6629;1;1085
'J';6630;1;1030
'J';6631;1;1057
'J';6632;1;1057
'J';6633;1;1057
'J';6634;1;1008
'J';6635;1;1032
'J';6636;1;1011
'J';6637;1;1044
'J';6638;1;1018
'J';6639;1;1037
'J';6640;1;1055
'J';6641;1;1007
'J';6642;1;1093
'J';6643;1;1079
'J';6644;1;1007
'J';6645;1;1114
'J';6646;1;1030
'J';6647;1;1101
'J';6648;1;1042
'J';6649;1;1011
'J';6651;1;1026
'J';6652;1;1021
'J';6653;1;1072
'J';6654;1;1026
'J';6655;1;1006
'J';6656;1;1109
'J';6657;1;1097
'J';6658;1;1076
'J';6659;1;1101
'J';6660;1;1012
'J';6661;1;1097
'J';6662;1;1032
'J';6663;1;1068
'J';6664;1;1032
'J';6665;1;1079
'J';6666;1;1068
'J';6667;1;1006
'J';6668;1;1018
'J';6669;1;1055
'J';6670;1;1072
'J';6671;1;1055
'J';6672;1;1096
'J';6673;1;1060
'J';6674;1;1096
'J';6675;1;1097
'J';6676;1;1050
'J';6677;1;1055
'J';6679;1;1070
'J';6680;1;1013
'J';6681;1;1072
'J';6682;1;1071
'J';6683;1;1011
'J';6684;1;1027
'J';6685;1;1027
'J';6687;1;1076
'J';6688;1;1069
'J';6689;1;1032
'J';6690;1;1030
'J';6691;1;1010
'J';6692;1;1079
'J';6693;1;1068
'J';6694;1;1097
'J';6695;1;1079
'J';6696;1;1076
'J';6697;1;1027
'J';6699;1;1055
'J';6700;1;1030
'J';6701;1;1068
'J';6702;1;1012
'J';6703;1;1032
'J';6704;1;1011
'J';6705;1;1037
'J';6706;1;1032
'J';6707;1;1037
'J';6708;1;1114
'J';6709;1;1006
'J';6710;1;1028
'J';6711;1;1030
'J';6712;1;1013
'J';6713;1;1036
'J';6714;1;1010
'J';6715;1;1018
'J';6716;1;1079
'J';6717;1;1116
'J';6718;1;1018
'J';6719;1;1068
'J';6720;1;1028
'J';6721;1;1071
'J';6722;1;1116
'J';6723;1;1007
'J';6724;1;1085
'J';6725;1;1030
'J';6726;1;1101
'J';6727;1;1072
'J';6728;1;1010
'J';6729;1;1025
'J';6730;1;1057
'J';6731;1;1071
'J';6732;1;1011
'J';6733;1;1037
'J';6734;1;1022
'J';6735;1;1037
'J';6736;1;1032
'J';6737;1;1027
'J';6738;1;1055
'J';6739;1;1013
'J';6740;1;1069
'J';6741;1;1114
'J';6743;1;1079
'J';6744;1;1054
'J';6745;1;1013
'J';6746;1;1011
'J';6747;1;1028
'J';6748;1;1099
'J';6749;1;1012
'J';6750;1;1057
'J';6751;1;1018
'J';6752;1;1062
'J';6754;1;1097
'J';6755;1;1037
'J';6756;1;1097
'J';6757;1;1012
'J';6758;1;1071
'J';6759;1;1042
'J';6760;1;1010
'J';6762;1;1101
'J';6763;1;1008
'J';6764;1;1104
'J';6766;1;1072
'J';6767;1;1055
'J';6769;1;1055
'J';6770;1;1008
'J';6771;1;1080
'J';6772;1;1085
'J';6773;1;1079
'J';6774;1;1022
'J';6775;1;1069
'J';6776;1;1021
'J';6777;1;1057
'J';6778;1;1042
'J';6779;1;1095
'J';6780;1;1096
'J';6781;1;1057
'J';6782;1;1076
'J';6783;1;1101
'J';6784;1;1101
'J';6785;1;1021
'J';6786;1;1059
'J';6787;1;1012
'J';6788;1;1028
'J';6789;1;1114
'J';6790;1;1116
'J';6791;1;1042
'J';6792;1;1019
'J';6793;1;1018
'J';6794;1;1068
'J';6795;1;1055
'J';6796;1;1036
'J';6797;1;1116
'J';6798;1;1036
'J';6799;1;1011
'J';6800;1;1021
'J';6801;1;1039
'J';6802;1;1022
'J';6803;1;1101
'J';6804;1;1095
'J';6805;1;1079
'J';6806;1;1018
'J';6807;1;1055
'J';6808;1;1101
'J';6809;1;1005
'J';6810;1;1097
'J';6811;1;1018
'J';6812;1;1022
'J';6813;1;1038
'J';6814;1;1008
'J';6815;1;1068
'J';6816;1;1042
'J';6817;1;1026
'J';6818;1;1081
'J';6819;1;1057
'J';6821;1;1044
'J';6822;1;1087
'J';6823;1;1007
'J';6824;1;1096
'J';6825;1;1010
'J';6826;1;1044
'J';6827;1;1114
'J';6828;1;1116
'J';6829;1;1026
'J';6830;1;1019
'J';6831;1;1010
'J';6832;1;1060
'J';6833;1;1095
'J';6834;1;1096
'J';6835;1;1006
'J';6836;1;1037
'J';6837;1;1057
'J';6838;1;1050
'J';6839;1;1072
'J';6840;1;1021
'J';6841;1;1010
'J';6842;1;1072
'J';6844;1;1036
'J';6846;1;1037
'J';6853;1;1059
'J';6854;1;1022
'J';6855;1;1069
'J';6856;1;1085
'J';6857;1;1079
'J';6858;1;1011
'J';6862;1;1012
'J';6864;1;1010
'J';6865;1;1109
'J';6868;1;1114
'J';6872;1;1096
'J';6874;1;1057
'J';6875;1;1036
'J';6876;1;1022
'J';6877;1;1079
'J';6878;1;1114
'J';6879;1;1008
'J';6880;1;1037
'J';6882;1;1029
'J';6883;1;1085
'J';6884;1;1076
'J';6885;1;1032
'J';6886;1;1090
'J';6887;1;1019
'J';6888;1;1076
'J';6889;1;1080
'J';6890;1;1008
'J';6891;1;1071
'J';6892;1;1050
'J';6893;1;1072
'J';6894;1;1079
'J';6895;1;1006
'J';6896;1;1027
'J';6897;1;1026
'J';6898;1;1095
'J';6899;1;1042
'L';2;1;1020
'L';3;1;1023
'L';4;1;1009
'L';4;2;1075
'L';5;1;1034
'L';6;1;1098
'L';7;1;1043
'L';8;1;1066
'L';9;1;1002
'L';10;1;1058
'L';11;1;1015
'L';13;1;1049
'L';14;1;1016
'L';14;2;1024
'L';15;1;1064
'L';17;1;1091
'L';18;1;1022
'L';19;1;1094
'L';20;1;1013
'L';21;1;1036
'L';22;1;1005
'L';23;1;1095
'L';24;1;1025
'L';25;1;1037
'L';26;1;1046
'L';27;1;1097
'L';28;1;1011
'L';29;1;1085
'L';30;1;1021
'L';31;1;1068
'L';32;1;1047
'L';33;1;1103
'L';34;1;1026
'L';35;1;1093
'L';36;1;1042
'L';37;1;1055
'L';38;1;1012
'L';39;1;1071
'L';40;1;1018
'L';41;1;1008
'L';42;1;1076
'L';43;1;1010
'L';44;1;1059
'L';45;1;1007
'L';46;1;1114
'L';47;1;1027
'L';48;1;1041
'L';49;1;1096
'L';50;1;1079
'L';51;1;1116
'L';52;1;1072
'L';53;1;1101
'L';54;1;1050
'L';55;1;1032
'L';56;1;1044
